{
  "mae": 0.38095238095238093,
  "qwk": 0.17647058823529416,
  "macro_f1": 0.29107981220657275,
  "weighted_f1": 0.6445338698859825,
  "adj_accuracy": 0.8809523809523809,
  "exact_accuracy": 0.7380952380952381
}