{
  "mae": 0.5454545454545454,
  "qwk": 0.28229413312286245,
  "macro_f1": 0.48540706605222733,
  "weighted_f1": 0.5228320067029745,
  "adj_accuracy": 0.9204545454545454,
  "exact_accuracy": 0.5340909090909091
}