{
  "mae": 0.7536231884057971,
  "qwk": 0.11144130757800885,
  "macro_f1": 0.39406889406889406,
  "weighted_f1": 0.4125705212661734,
  "adj_accuracy": 0.8115942028985508,
  "exact_accuracy": 0.43478260869565216
}