{
  "psychosis": {
    "mae": 0.7536231884057971,
    "qwk": 0.11144130757800885,
    "macro_f1": 0.39406889406889406,
    "weighted_f1": 0.4125705212661734,
    "adj_accuracy": 0.8115942028985508,
    "exact_accuracy": 0.43478260869565216
  },
  "depression": {
    "mae": 0.5454545454545454,
    "qwk": 0.28229413312286245,
    "macro_f1": 0.48540706605222733,
    "weighted_f1": 0.5228320067029745,
    "adj_accuracy": 0.9204545454545454,
    "exact_accuracy": 0.5340909090909091
  },
  "anxiety": {
    "mae": 0.38095238095238093,
    "qwk": 0.17647058823529416,
    "macro_f1": 0.29107981220657275,
    "weighted_f1": 0.6445338698859825,
    "adj_accuracy": 0.8809523809523809,
    "exact_accuracy": 0.7380952380952381
  }
}